date,strategy,risk_profile,ticker,weight,expected_annual_return_asset,actual_future_return_21d,risk_constraint_met,fallback_reason
2024-01-31,ai_low_risk,low_risk,SPY,0.0,0.09735706532108532,0.0620649084448814,True,risk_constraint_satisfied
2024-01-31,ai_low_risk,low_risk,QQQ,0.3499999999999999,0.4712159302847422,0.0686858519911766,True,risk_constraint_satisfied
2024-01-31,ai_low_risk,low_risk,TLT,0.05995585562262597,0.06444243015128369,-0.0164313148707151,True,risk_constraint_satisfied
2024-01-31,ai_low_risk,low_risk,GLD,0.3499999999999998,0.09511749644858873,0.0235606394708156,True,risk_constraint_satisfied
2024-01-31,ai_low_risk,low_risk,VNQ,0.130352239845938,0.2833580236126232,0.0319465585052967,True,risk_constraint_satisfied
2024-01-31,ai_low_risk,low_risk,DBC,0.10969190453143643,-0.09066523530836688,-0.0103000942617654,True,risk_constraint_satisfied
2024-01-31,ai_medium_risk,medium_risk,SPY,0.043769545892260175,0.09735706532108532,0.0620649084448814,True,risk_constraint_satisfied
2024-01-31,ai_medium_risk,medium_risk,QQQ,0.449999999999999,0.4712159302847422,0.0686858519911766,True,risk_constraint_satisfied
2024-01-31,ai_medium_risk,medium_risk,TLT,1.1621089216156253e-16,0.06444243015128369,-0.0164313148707151,True,risk_constraint_satisfied
2024-01-31,ai_medium_risk,medium_risk,GLD,0.056230454107741405,0.09511749644858873,0.0235606394708156,True,risk_constraint_satisfied
2024-01-31,ai_medium_risk,medium_risk,VNQ,0.44999999999999923,0.2833580236126232,0.0319465585052967,True,risk_constraint_satisfied
2024-01-31,ai_medium_risk,medium_risk,DBC,1.2806925623976876e-16,-0.09066523530836688,-0.0103000942617654,True,risk_constraint_satisfied
2024-01-31,ai_high_risk,high_risk,SPY,5.204170427930425e-18,0.09735706532108532,0.0620649084448814,True,risk_constraint_satisfied
2024-01-31,ai_high_risk,high_risk,QQQ,0.6000000000000004,0.4712159302847422,0.0686858519911766,True,risk_constraint_satisfied
2024-01-31,ai_high_risk,high_risk,TLT,0.0,0.06444243015128369,-0.0164313148707151,True,risk_constraint_satisfied
2024-01-31,ai_high_risk,high_risk,GLD,0.0,0.09511749644858873,0.0235606394708156,True,risk_constraint_satisfied
2024-01-31,ai_high_risk,high_risk,VNQ,0.39999999999999963,0.2833580236126232,0.0319465585052967,True,risk_constraint_satisfied
2024-01-31,ai_high_risk,high_risk,DBC,0.0,-0.09066523530836688,-0.0103000942617654,True,risk_constraint_satisfied
2024-02-29,ai_low_risk,low_risk,SPY,0.17036689602104912,0.15000914541768504,0.030905146151781,True,risk_constraint_satisfied
2024-02-29,ai_low_risk,low_risk,QQQ,0.35000000000000003,0.267300839056476,0.0148937087506055,True,risk_constraint_satisfied
2024-02-29,ai_low_risk,low_risk,TLT,0.0,-0.058416085114076026,-0.0109583595767617,True,risk_constraint_satisfied
2024-02-29,ai_low_risk,low_risk,GLD,0.35000000000000003,0.13883056023143264,0.0977761894464492,True,risk_constraint_satisfied
2024-02-29,ai_low_risk,low_risk,VNQ,0.09256599263980193,0.19245810169250296,0.0024163366761058,True,risk_constraint_satisfied
2024-02-29,ai_low_risk,low_risk,DBC,0.03706711133914899,-0.02505716992035385,0.0495679192245006,True,risk_constraint_satisfied
2024-02-29,ai_medium_risk,medium_risk,SPY,0.10000000000000113,0.15000914541768504,0.030905146151781,True,risk_constraint_satisfied
2024-02-29,ai_medium_risk,medium_risk,QQQ,0.44999999999999885,0.267300839056476,0.0148937087506055,True,risk_constraint_satisfied
2024-02-29,ai_medium_risk,medium_risk,TLT,3.591949353477735e-17,-0.058416085114076026,-0.0109583595767617,True,risk_constraint_satisfied
2024-02-29,ai_medium_risk,medium_risk,GLD,6.272928082658224e-16,0.13883056023143264,0.0977761894464492,True,risk_constraint_satisfied
2024-02-29,ai_medium_risk,medium_risk,VNQ,0.4499999999999994,0.19245810169250296,0.0024163366761058,True,risk_constraint_satisfied
2024-02-29,ai_medium_risk,medium_risk,DBC,0.0,-0.02505716992035385,0.0495679192245006,True,risk_constraint_satisfied
2024-02-29,ai_high_risk,high_risk,SPY,1.0408340855860843e-16,0.15000914541768504,0.030905146151781,True,risk_constraint_satisfied
2024-02-29,ai_high_risk,high_risk,QQQ,0.5999999999999995,0.267300839056476,0.0148937087506055,True,risk_constraint_satisfied
2024-02-29,ai_high_risk,high_risk,TLT,0.0,-0.058416085114076026,-0.0109583595767617,True,risk_constraint_satisfied
2024-02-29,ai_high_risk,high_risk,GLD,0.0,0.13883056023143264,0.0977761894464492,True,risk_constraint_satisfied
2024-02-29,ai_high_risk,high_risk,VNQ,0.39999999999999997,0.19245810169250296,0.0024163366761058,True,risk_constraint_satisfied
2024-02-29,ai_high_risk,high_risk,DBC,4.808392681462158e-16,-0.02505716992035385,0.0495679192245006,True,risk_constraint_satisfied
2024-03-28,ai_low_risk,low_risk,SPY,0.35000000000000003,0.21708300363012703,-0.0248723272234201,True,risk_constraint_satisfied
2024-03-28,ai_low_risk,low_risk,QQQ,0.19536291742514875,0.14001489035365713,-0.0253597516566514,True,risk_constraint_satisfied
2024-03-28,ai_low_risk,low_risk,TLT,0.02511631783587775,0.01280607072143943,-0.0564955882728099,True,risk_constraint_satisfied
2024-03-28,ai_low_risk,low_risk,GLD,0.007940224904636847,-0.0064591228105266366,0.050845768302679,True,risk_constraint_satisfied
2024-03-28,ai_low_risk,low_risk,VNQ,0.07158053983433665,0.11620314647397745,-0.0635983273386955,True,risk_constraint_satisfied
2024-03-28,ai_low_risk,low_risk,DBC,0.35000000000000003,0.13465822052476892,0.0291685555130243,True,risk_constraint_satisfied
2024-03-28,ai_medium_risk,medium_risk,SPY,0.4499999999999997,0.21708300363012703,-0.0248723272234201,True,risk_constraint_satisfied
2024-03-28,ai_medium_risk,medium_risk,QQQ,0.4499999999999992,0.14001489035365713,-0.0253597516566514,True,risk_constraint_satisfied
2024-03-28,ai_medium_risk,medium_risk,TLT,0.0,0.01280607072143943,-0.0564955882728099,True,risk_constraint_satisfied
2024-03-28,ai_medium_risk,medium_risk,GLD,5.921865808264334e-16,-0.0064591228105266366,0.050845768302679,True,risk_constraint_satisfied
2024-03-28,ai_medium_risk,medium_risk,VNQ,1.9018545395428052e-17,0.11620314647397745,-0.0635983273386955,True,risk_constraint_satisfied
2024-03-28,ai_medium_risk,medium_risk,DBC,0.10000000000000056,0.13465822052476892,0.0291685555130243,True,risk_constraint_satisfied
2024-03-28,ai_high_risk,high_risk,SPY,0.5999999999999998,0.21708300363012703,-0.0248723272234201,True,risk_constraint_satisfied
2024-03-28,ai_high_risk,high_risk,QQQ,0.39999999999999986,0.14001489035365713,-0.0253597516566514,True,risk_constraint_satisfied
2024-03-28,ai_high_risk,high_risk,TLT,6.849988362092401e-17,0.01280607072143943,-0.0564955882728099,True,risk_constraint_satisfied
2024-03-28,ai_high_risk,high_risk,GLD,1.6275463081370298e-16,-0.0064591228105266366,0.050845768302679,True,risk_constraint_satisfied
2024-03-28,ai_high_risk,high_risk,VNQ,1.2112126739025964e-16,0.11620314647397745,-0.0635983273386955,True,risk_constraint_satisfied
2024-03-28,ai_high_risk,high_risk,DBC,0.0,0.13465822052476892,0.0291685555130243,True,risk_constraint_satisfied
2024-04-30,ai_low_risk,low_risk,SPY,0.3074086758045673,0.18479892158652986,0.0410971418023109,True,risk_constraint_satisfied
2024-04-30,ai_low_risk,low_risk,QQQ,0.3499999999999999,0.271341353789217,0.0634965896606445,True,risk_constraint_satisfied
2024-04-30,ai_low_risk,low_risk,TLT,0.0,-0.15545275913530102,0.0219306498765945,True,risk_constraint_satisfied
2024-04-30,ai_low_risk,low_risk,GLD,0.25124841480158305,0.09048211715037022,0.0221834722906351,True,risk_constraint_satisfied
2024-04-30,ai_low_risk,low_risk,VNQ,1.8762968059176135e-18,0.014062711984508914,0.0263785310089588,True,risk_constraint_satisfied
2024-04-30,ai_low_risk,low_risk,DBC,0.09134290939384963,0.07735620960898015,0.0017136688111349,True,risk_constraint_satisfied
2024-04-30,ai_medium_risk,medium_risk,SPY,0.4499999999999998,0.18479892158652986,0.0410971418023109,True,risk_constraint_satisfied
2024-04-30,ai_medium_risk,medium_risk,QQQ,0.4499999999999998,0.271341353789217,0.0634965896606445,True,risk_constraint_satisfied
2024-04-30,ai_medium_risk,medium_risk,TLT,2.1485246068727505e-16,-0.15545275913530102,0.0219306498765945,True,risk_constraint_satisfied
2024-04-30,ai_medium_risk,medium_risk,GLD,0.10000000000000005,0.09048211715037022,0.0221834722906351,True,risk_constraint_satisfied
2024-04-30,ai_medium_risk,medium_risk,VNQ,0.0,0.014062711984508914,0.0263785310089588,True,risk_constraint_satisfied
2024-04-30,ai_medium_risk,medium_risk,DBC,0.0,0.07735620960898015,0.0017136688111349,True,risk_constraint_satisfied
2024-04-30,ai_high_risk,high_risk,SPY,0.39999999999999997,0.18479892158652986,0.0410971418023109,True,risk_constraint_satisfied
2024-04-30,ai_high_risk,high_risk,QQQ,0.5999999999999998,0.271341353789217,0.0634965896606445,True,risk_constraint_satisfied
2024-04-30,ai_high_risk,high_risk,TLT,0.0,-0.15545275913530102,0.0219306498765945,True,risk_constraint_satisfied
2024-04-30,ai_high_risk,high_risk,GLD,0.0,0.09048211715037022,0.0221834722906351,True,risk_constraint_satisfied
2024-04-30,ai_high_risk,high_risk,VNQ,2.362167013312857e-16,0.014062711984508914,0.0263785310089588,True,risk_constraint_satisfied
2024-04-30,ai_high_risk,high_risk,DBC,1.3118787378386585e-16,0.07735620960898015,0.0017136688111349,True,risk_constraint_satisfied
2024-05-31,ai_low_risk,low_risk,SPY,2.844946500601963e-16,0.07801114577541152,0.0443923622369766,True,risk_constraint_satisfied
2024-05-31,ai_low_risk,low_risk,QQQ,0.34999999999999976,0.14754505250398608,0.0821904242038726,True,risk_constraint_satisfied
2024-05-31,ai_low_risk,low_risk,TLT,5.4822441809002504e-17,-0.02004187849438429,0.0083891451358795,True,risk_constraint_satisfied
2024-05-31,ai_low_risk,low_risk,GLD,0.3499999999999999,0.1012359373809877,0.0012075917329639,True,risk_constraint_satisfied
2024-05-31,ai_low_risk,low_risk,VNQ,0.0,-0.07889101438532693,0.0138907777145504,True,risk_constraint_satisfied
2024-05-31,ai_low_risk,low_risk,DBC,0.30000000000000004,0.08801641915207581,0.0124622983857989,True,risk_constraint_satisfied
2024-05-31,ai_medium_risk,medium_risk,SPY,3.623777071633913e-17,0.07801114577541152,0.0443923622369766,True,risk_constraint_satisfied
2024-05-31,ai_medium_risk,medium_risk,QQQ,0.4499999999999997,0.14754505250398608,0.0821904242038726,True,risk_constraint_satisfied
2024-05-31,ai_medium_risk,medium_risk,TLT,6.498022283898495e-17,-0.02004187849438429,0.0083891451358795,True,risk_constraint_satisfied
2024-05-31,ai_medium_risk,medium_risk,GLD,0.45,0.1012359373809877,0.0012075917329639,True,risk_constraint_satisfied
2024-05-31,ai_medium_risk,medium_risk,VNQ,0.0,-0.07889101438532693,0.0138907777145504,True,risk_constraint_satisfied
2024-05-31,ai_medium_risk,medium_risk,DBC,0.10000000000000017,0.08801641915207581,0.0124622983857989,True,risk_constraint_satisfied
2024-05-31,ai_high_risk,high_risk,SPY,0.0,0.07801114577541152,0.0443923622369766,True,risk_constraint_satisfied
2024-05-31,ai_high_risk,high_risk,QQQ,0.5999999999999994,0.14754505250398608,0.0821904242038726,True,risk_constraint_satisfied
2024-05-31,ai_high_risk,high_risk,TLT,5.658751889122354e-16,-0.02004187849438429,0.0083891451358795,True,risk_constraint_satisfied
2024-05-31,ai_high_risk,high_risk,GLD,0.4000000000000001,0.1012359373809877,0.0012075917329639,True,risk_constraint_satisfied
2024-05-31,ai_high_risk,high_risk,VNQ,0.0,-0.07889101438532693,0.0138907777145504,True,risk_constraint_satisfied
2024-05-31,ai_high_risk,high_risk,DBC,0.0,0.08801641915207581,0.0124622983857989,True,risk_constraint_satisfied
2024-06-28,ai_low_risk,low_risk,SPY,0.35,0.07327762486320052,-0.004079361911863,True,risk_constraint_satisfied
2024-06-28,ai_low_risk,low_risk,QQQ,6.46459134885628e-17,-0.033881086121018006,-0.0450417548418045,True,risk_constraint_satisfied
2024-06-28,ai_low_risk,low_risk,TLT,0.30000000000000004,0.03768481081912714,0.0258067101240158,True,risk_constraint_satisfied
2024-06-28,ai_low_risk,low_risk,GLD,0.35,0.06865650401895082,0.0349286533892154,True,risk_constraint_satisfied
2024-06-28,ai_low_risk,low_risk,VNQ,0.0,-0.054029601967051026,0.0832139775156974,True,risk_constraint_satisfied
2024-06-28,ai_low_risk,low_risk,DBC,0.0,0.0015440215291446639,-0.0499353893101215,True,risk_constraint_satisfied
2024-06-28,ai_medium_risk,medium_risk,SPY,0.4499999999999999,0.07327762486320052,-0.004079361911863,True,risk_constraint_satisfied
2024-06-28,ai_medium_risk,medium_risk,QQQ,5.131706809807243e-16,-0.033881086121018006,-0.0450417548418045,True,risk_constraint_satisfied
2024-06-28,ai_medium_risk,medium_risk,TLT,0.09999999999999958,0.03768481081912714,0.0258067101240158,True,risk_constraint_satisfied
2024-06-28,ai_medium_risk,medium_risk,GLD,0.45,0.06865650401895082,0.0349286533892154,True,risk_constraint_satisfied
2024-06-28,ai_medium_risk,medium_risk,VNQ,0.0,-0.054029601967051026,0.0832139775156974,True,risk_constraint_satisfied
2024-06-28,ai_medium_risk,medium_risk,DBC,0.0,0.0015440215291446639,-0.0499353893101215,True,risk_constraint_satisfied
2024-06-28,ai_high_risk,high_risk,SPY,0.5999999999999992,0.07327762486320052,-0.004079361911863,True,risk_constraint_satisfied
2024-06-28,ai_high_risk,high_risk,QQQ,0.0,-0.033881086121018006,-0.0450417548418045,True,risk_constraint_satisfied
2024-06-28,ai_high_risk,high_risk,TLT,1.9775847626135596e-16,0.03768481081912714,0.0258067101240158,True,risk_constraint_satisfied
2024-06-28,ai_high_risk,high_risk,GLD,0.4,0.06865650401895082,0.0349286533892154,True,risk_constraint_satisfied
2024-06-28,ai_high_risk,high_risk,VNQ,0.0,-0.054029601967051026,0.0832139775156974,True,risk_constraint_satisfied
2024-06-28,ai_high_risk,high_risk,DBC,5.618719151807949e-16,0.0015440215291446639,-0.0499353893101215,True,risk_constraint_satisfied
2024-07-31,ai_low_risk,low_risk,SPY,3.173608016975538e-16,0.045428753181756446,0.0136888856068253,True,risk_constraint_satisfied
2024-07-31,ai_low_risk,low_risk,QQQ,0.34999999999999976,0.23034015120685342,-0.0008703551720827,True,risk_constraint_satisfied
2024-07-31,ai_low_risk,low_risk,TLT,0.13875995589817333,0.03268060254626586,0.0321183092892169,True,risk_constraint_satisfied
2024-07-31,ai_low_risk,low_risk,GLD,0.08505413841087954,-0.09814879837931059,0.0282498076558113,True,risk_constraint_satisfied
2024-07-31,ai_low_risk,low_risk,VNQ,0.18967163945627286,0.22448158423458942,0.0421411879360675,True,risk_constraint_satisfied
2024-07-31,ai_low_risk,low_risk,DBC,0.23651426623467423,-0.165802001954822,-0.0097430106252431,True,risk_constraint_satisfied
2024-07-31,ai_medium_risk,medium_risk,SPY,0.10000000000000003,0.045428753181756446,0.0136888856068253,True,risk_constraint_satisfied
2024-07-31,ai_medium_risk,medium_risk,QQQ,0.4499999999999995,0.23034015120685342,-0.0008703551720827,True,risk_constraint_satisfied
2024-07-31,ai_medium_risk,medium_risk,TLT,1.1275702593849246e-16,0.03268060254626586,0.0321183092892169,True,risk_constraint_satisfied
2024-07-31,ai_medium_risk,medium_risk,GLD,9.120214102225893e-17,-0.09814879837931059,0.0282498076558113,True,risk_constraint_satisfied
2024-07-31,ai_medium_risk,medium_risk,VNQ,0.4499999999999996,0.22448158423458942,0.0421411879360675,True,risk_constraint_satisfied
2024-07-31,ai_medium_risk,medium_risk,DBC,6.253878705847984e-16,-0.165802001954822,-0.0097430106252431,True,risk_constraint_satisfied
2024-07-31,ai_high_risk,high_risk,SPY,0.0,0.045428753181756446,0.0136888856068253,True,risk_constraint_satisfied
2024-07-31,ai_high_risk,high_risk,QQQ,0.5999999999999991,0.23034015120685342,-0.0008703551720827,True,risk_constraint_satisfied
2024-07-31,ai_high_risk,high_risk,TLT,2.2209681736255822e-16,0.03268060254626586,0.0321183092892169,True,risk_constraint_satisfied
2024-07-31,ai_high_risk,high_risk,GLD,8.974101227450773e-17,-0.09814879837931059,0.0282498076558113,True,risk_constraint_satisfied
2024-07-31,ai_high_risk,high_risk,VNQ,0.4000000000000007,0.22448158423458942,0.0421411879360675,True,risk_constraint_satisfied
2024-07-31,ai_high_risk,high_risk,DBC,0.0,-0.165802001954822,-0.0097430106252431,True,risk_constraint_satisfied
2024-08-30,ai_low_risk,low_risk,SPY,2.3038653192760476e-16,0.04350063832945233,0.0118580441921949,True,risk_constraint_satisfied
2024-08-30,ai_low_risk,low_risk,QQQ,0.35,0.38058808439898795,0.011918312869966,True,risk_constraint_satisfied
2024-08-30,ai_low_risk,low_risk,TLT,0.12923261492472896,0.04202495232484896,0.0273584201931953,True,risk_constraint_satisfied
2024-08-30,ai_low_risk,low_risk,GLD,0.3468177397580163,0.25497560440403344,0.0619136467576026,True,risk_constraint_satisfied
2024-08-30,ai_low_risk,low_risk,VNQ,0.0,0.11681623107163086,0.0260184444487094,True,risk_constraint_satisfied
2024-08-30,ai_low_risk,low_risk,DBC,0.1739496453172546,0.03470997293562922,0.0248756315559148,True,risk_constraint_satisfied
2024-08-30,ai_medium_risk,medium_risk,SPY,0.0,0.04350063832945233,0.0118580441921949,True,risk_constraint_satisfied
2024-08-30,ai_medium_risk,medium_risk,QQQ,0.4500000000000004,0.38058808439898795,0.011918312869966,True,risk_constraint_satisfied
2024-08-30,ai_medium_risk,medium_risk,TLT,0.0,0.04202495232484896,0.0273584201931953,True,risk_constraint_satisfied
2024-08-30,ai_medium_risk,medium_risk,GLD,0.4500000000000004,0.25497560440403344,0.0619136467576026,True,risk_constraint_satisfied
2024-08-30,ai_medium_risk,medium_risk,VNQ,0.09999999999999909,0.11681623107163086,0.0260184444487094,True,risk_constraint_satisfied
2024-08-30,ai_medium_risk,medium_risk,DBC,7.821248414401304e-17,0.03470997293562922,0.0248756315559148,True,risk_constraint_satisfied
2024-08-30,ai_high_risk,high_risk,SPY,1.387778780781446e-16,0.04350063832945233,0.0118580441921949,True,risk_constraint_satisfied
2024-08-30,ai_high_risk,high_risk,QQQ,0.6000000000000001,0.38058808439898795,0.011918312869966,True,risk_constraint_satisfied
2024-08-30,ai_high_risk,high_risk,TLT,0.0,0.04202495232484896,0.0273584201931953,True,risk_constraint_satisfied
2024-08-30,ai_high_risk,high_risk,GLD,0.39999999999999986,0.25497560440403344,0.0619136467576026,True,risk_constraint_satisfied
2024-08-30,ai_high_risk,high_risk,VNQ,0.0,0.11681623107163086,0.0260184444487094,True,risk_constraint_satisfied
2024-08-30,ai_high_risk,high_risk,DBC,0.0,0.03470997293562922,0.0248756315559148,True,risk_constraint_satisfied
2024-09-30,ai_low_risk,low_risk,SPY,0.1648501945606583,0.20018660620610396,0.0139606054872274,True,risk_constraint_satisfied
2024-09-30,ai_low_risk,low_risk,QQQ,0.23826012782261716,0.4220379901945511,0.0247709155082702,True,risk_constraint_satisfied
2024-09-30,ai_low_risk,low_risk,TLT,0.2260580192289554,0.13129505625111754,-0.0588441304862499,True,risk_constraint_satisfied
2024-09-30,ai_low_risk,low_risk,GLD,0.29995521593598584,0.20966027911412222,0.0536081567406654,True,risk_constraint_satisfied
2024-09-30,ai_low_risk,low_risk,VNQ,0.0,0.21879534940075518,-0.0212482511997222,True,risk_constraint_satisfied
2024-09-30,ai_low_risk,low_risk,DBC,0.07087644245178341,-0.11650896896102254,-0.0049393633380532,True,risk_constraint_satisfied
2024-09-30,ai_medium_risk,medium_risk,SPY,5.527342488320515e-16,0.20018660620610396,0.0139606054872274,True,risk_constraint_satisfied
2024-09-30,ai_medium_risk,medium_risk,QQQ,0.4500000000000001,0.4220379901945511,0.0247709155082702,True,risk_constraint_satisfied
2024-09-30,ai_medium_risk,medium_risk,TLT,7.529288104512459e-18,0.13129505625111754,-0.0588441304862499,True,risk_constraint_satisfied
2024-09-30,ai_medium_risk,medium_risk,GLD,0.09999999999999937,0.20966027911412222,0.0536081567406654,True,risk_constraint_satisfied
2024-09-30,ai_medium_risk,medium_risk,VNQ,0.4499999999999999,0.21879534940075518,-0.0212482511997222,True,risk_constraint_satisfied
2024-09-30,ai_medium_risk,medium_risk,DBC,6.4868684381711296e-18,-0.11650896896102254,-0.0049393633380532,True,risk_constraint_satisfied
2024-09-30,ai_high_risk,high_risk,SPY,1.4347227535956807e-15,0.20018660620610396,0.0139606054872274,True,risk_constraint_satisfied
2024-09-30,ai_high_risk,high_risk,QQQ,0.5999999999999954,0.4220379901945511,0.0247709155082702,True,risk_constraint_satisfied
2024-09-30,ai_high_risk,high_risk,TLT,3.4778077391124305e-15,0.13129505625111754,-0.0588441304862499,True,risk_constraint_satisfied
2024-09-30,ai_high_risk,high_risk,GLD,0.0,0.20966027911412222,0.0536081567406654,True,risk_constraint_satisfied
2024-09-30,ai_high_risk,high_risk,VNQ,0.39999999999999897,0.21879534940075518,-0.0212482511997222,True,risk_constraint_satisfied
2024-09-30,ai_high_risk,high_risk,DBC,7.193556055096574e-16,-0.11650896896102254,-0.0049393633380532,True,risk_constraint_satisfied
2024-10-31,ai_low_risk,low_risk,SPY,0.33497641252017496,0.22385946154845693,0.0615328326821327,True,fallback_to_minimum_volatility
2024-10-31,ai_low_risk,low_risk,QQQ,0.0,0.31168003132740646,0.0649785995483398,True,fallback_to_minimum_volatility
2024-10-31,ai_low_risk,low_risk,TLT,0.28240808430788383,-0.05359490219980748,0.0223224889487028,True,fallback_to_minimum_volatility
2024-10-31,ai_low_risk,low_risk,GLD,0.09697580404417008,0.2700050110122377,-0.0397222675383091,True,fallback_to_minimum_volatility
2024-10-31,ai_low_risk,low_risk,VNQ,6.742976179455758e-18,0.06000850625836533,0.0274032596498727,True,fallback_to_minimum_volatility
2024-10-31,ai_low_risk,low_risk,DBC,0.28563969912777126,0.11258744870351108,-0.0270031411200761,True,fallback_to_minimum_volatility
2024-10-31,ai_medium_risk,medium_risk,SPY,0.0999999999999994,0.22385946154845693,0.0615328326821327,True,risk_constraint_satisfied
2024-10-31,ai_medium_risk,medium_risk,QQQ,0.45,0.31168003132740646,0.0649785995483398,True,risk_constraint_satisfied
2024-10-31,ai_medium_risk,medium_risk,TLT,5.514718171703777e-16,-0.05359490219980748,0.0223224889487028,True,risk_constraint_satisfied
2024-10-31,ai_medium_risk,medium_risk,GLD,0.4500000000000001,0.2700050110122377,-0.0397222675383091,True,risk_constraint_satisfied
2024-10-31,ai_medium_risk,medium_risk,VNQ,0.0,0.06000850625836533,0.0274032596498727,True,risk_constraint_satisfied
2024-10-31,ai_medium_risk,medium_risk,DBC,2.6123974000000175e-19,0.11258744870351108,-0.0270031411200761,True,risk_constraint_satisfied
2024-10-31,ai_high_risk,high_risk,SPY,1.920338887906326e-15,0.22385946154845693,0.0615328326821327,True,risk_constraint_satisfied
2024-10-31,ai_high_risk,high_risk,QQQ,0.5999999999999985,0.31168003132740646,0.0649785995483398,True,risk_constraint_satisfied
2024-10-31,ai_high_risk,high_risk,TLT,7.436712164243846e-16,-0.05359490219980748,0.0223224889487028,True,risk_constraint_satisfied
2024-10-31,ai_high_risk,high_risk,GLD,0.3999999999999983,0.2700050110122377,-0.0397222675383091,True,risk_constraint_satisfied
2024-10-31,ai_high_risk,high_risk,VNQ,3.664924098836945e-17,0.06000850625836533,0.0274032596498727,True,risk_constraint_satisfied
2024-10-31,ai_high_risk,high_risk,DBC,5.796678327070087e-16,0.11258744870351108,-0.0270031411200761,True,risk_constraint_satisfied
2024-11-29,ai_low_risk,low_risk,SPY,0.027969642410210466,0.05549828012497322,-0.0240601114928722,True,risk_constraint_satisfied
2024-11-29,ai_low_risk,low_risk,QQQ,0.18480139664109865,0.10709583505646254,0.0045404005795717,True,risk_constraint_satisfied
2024-11-29,ai_low_risk,low_risk,TLT,0.03409712665568723,-0.03637032308442605,-0.0638103187084198,True,risk_constraint_satisfied
2024-11-29,ai_low_risk,low_risk,GLD,0.14998300853225413,0.09364123448101348,-0.014088487252593,True,risk_constraint_satisfied
2024-11-29,ai_low_risk,low_risk,VNQ,0.34262077805711,0.14831912682232937,-0.0837217271327972,True,risk_constraint_satisfied
2024-11-29,ai_low_risk,low_risk,DBC,0.2605280477036395,0.030175083017639746,0.0172272846102714,True,risk_constraint_satisfied
2024-11-29,ai_medium_risk,medium_risk,SPY,1.796147248712129e-15,0.05549828012497322,-0.0240601114928722,True,risk_constraint_satisfied
2024-11-29,ai_medium_risk,medium_risk,QQQ,0.4500000000000001,0.10709583505646254,0.0045404005795717,True,risk_constraint_satisfied
2024-11-29,ai_medium_risk,medium_risk,TLT,0.0,-0.03637032308442605,-0.0638103187084198,True,risk_constraint_satisfied
2024-11-29,ai_medium_risk,medium_risk,GLD,0.09999999999999794,0.09364123448101348,-0.014088487252593,True,risk_constraint_satisfied
2024-11-29,ai_medium_risk,medium_risk,VNQ,0.4500000000000001,0.14831912682232937,-0.0837217271327972,True,risk_constraint_satisfied
2024-11-29,ai_medium_risk,medium_risk,DBC,0.0,0.030175083017639746,0.0172272846102714,True,risk_constraint_satisfied
2024-11-29,ai_high_risk,high_risk,SPY,0.0,0.05549828012497322,-0.0240601114928722,True,risk_constraint_satisfied
2024-11-29,ai_high_risk,high_risk,QQQ,0.4000000000000004,0.10709583505646254,0.0045404005795717,True,risk_constraint_satisfied
2024-11-29,ai_high_risk,high_risk,TLT,3.564299629399491e-16,-0.03637032308442605,-0.0638103187084198,True,risk_constraint_satisfied
2024-11-29,ai_high_risk,high_risk,GLD,0.0,0.09364123448101348,-0.014088487252593,True,risk_constraint_satisfied
2024-11-29,ai_high_risk,high_risk,VNQ,0.5999999999999991,0.14831912682232937,-0.0837217271327972,True,risk_constraint_satisfied
2024-11-29,ai_high_risk,high_risk,DBC,2.5565050699720114e-16,0.030175083017639746,0.0172272846102714,True,risk_constraint_satisfied
2024-12-31,ai_low_risk,low_risk,SPY,0.35,0.09656908905553993,0.0199461560696363,True,risk_constraint_satisfied
2024-12-31,ai_low_risk,low_risk,QQQ,9.166540975504095e-17,-0.02436407028813815,0.0134576922282576,True,risk_constraint_satisfied
2024-12-31,ai_low_risk,low_risk,TLT,0.0,-0.04080683639816416,0.0131061002612113,True,risk_constraint_satisfied
2024-12-31,ai_low_risk,low_risk,GLD,6.564455761538884e-17,-0.06848897705893914,0.073555514216423,True,risk_constraint_satisfied
2024-12-31,ai_low_risk,low_risk,VNQ,0.35,0.10423401357521428,0.0143689615651965,True,risk_constraint_satisfied
2024-12-31,ai_low_risk,low_risk,DBC,0.2999999999999998,0.048118672569065254,0.0355472415685653,True,risk_constraint_satisfied
2024-12-31,ai_medium_risk,medium_risk,SPY,0.44999999999999973,0.09656908905553993,0.0199461560696363,True,risk_constraint_satisfied
2024-12-31,ai_medium_risk,medium_risk,QQQ,0.0,-0.02436407028813815,0.0134576922282576,True,risk_constraint_satisfied
2024-12-31,ai_medium_risk,medium_risk,TLT,2.0300935424324698e-16,-0.04080683639816416,0.0131061002612113,True,risk_constraint_satisfied
2024-12-31,ai_medium_risk,medium_risk,GLD,2.780228316958952e-17,-0.06848897705893914,0.073555514216423,True,risk_constraint_satisfied
2024-12-31,ai_medium_risk,medium_risk,VNQ,0.44999999999999973,0.10423401357521428,0.0143689615651965,True,risk_constraint_satisfied
2024-12-31,ai_medium_risk,medium_risk,DBC,0.10000000000000028,0.048118672569065254,0.0355472415685653,True,risk_constraint_satisfied
2024-12-31,ai_high_risk,high_risk,SPY,0.3999999999999996,0.09656908905553993,0.0199461560696363,True,risk_constraint_satisfied
2024-12-31,ai_high_risk,high_risk,QQQ,0.0,-0.02436407028813815,0.0134576922282576,True,risk_constraint_satisfied
2024-12-31,ai_high_risk,high_risk,TLT,0.0,-0.04080683639816416,0.0131061002612113,True,risk_constraint_satisfied
2024-12-31,ai_high_risk,high_risk,GLD,6.804389795926957e-17,-0.06848897705893914,0.073555514216423,True,risk_constraint_satisfied
2024-12-31,ai_high_risk,high_risk,VNQ,0.6,0.10423401357521428,0.0143689615651965,True,risk_constraint_satisfied
2024-12-31,ai_high_risk,high_risk,DBC,4.838485667647034e-16,0.048118672569065254,0.0355472415685653,True,risk_constraint_satisfied
2025-01-31,ai_low_risk,low_risk,SPY,0.34999999999999987,0.2564428243757011,-0.0414741747081279,True,risk_constraint_satisfied
2025-01-31,ai_low_risk,low_risk,QQQ,0.11891976038909828,0.0633274832748888,-0.0511975549161434,True,risk_constraint_satisfied
2025-01-31,ai_low_risk,low_risk,TLT,0.0,-0.15261157273108955,0.0488262176513671,True,risk_constraint_satisfied
2025-01-31,ai_low_risk,low_risk,GLD,4.789662853459792e-17,-0.01979017768725431,0.0406095311045646,True,risk_constraint_satisfied
2025-01-31,ai_low_risk,low_risk,VNQ,0.1810802396109026,0.017299983943416475,0.0298177786171436,True,risk_constraint_satisfied
2025-01-31,ai_low_risk,low_risk,DBC,0.3499999999999993,0.0427775737558993,-0.0018206032691523,True,risk_constraint_satisfied
2025-01-31,ai_medium_risk,medium_risk,SPY,0.4500000000000001,0.2564428243757011,-0.0414741747081279,True,risk_constraint_satisfied
2025-01-31,ai_medium_risk,medium_risk,QQQ,0.44999999999999885,0.0633274832748888,-0.0511975549161434,True,risk_constraint_satisfied
2025-01-31,ai_medium_risk,medium_risk,TLT,0.0,-0.15261157273108955,0.0488262176513671,True,risk_constraint_satisfied
2025-01-31,ai_medium_risk,medium_risk,GLD,1.2978494456887564e-16,-0.01979017768725431,0.0406095311045646,True,risk_constraint_satisfied
2025-01-31,ai_medium_risk,medium_risk,VNQ,0.0,0.017299983943416475,0.0298177786171436,True,risk_constraint_satisfied
2025-01-31,ai_medium_risk,medium_risk,DBC,0.10000000000000087,0.0427775737558993,-0.0018206032691523,True,risk_constraint_satisfied
2025-01-31,ai_high_risk,high_risk,SPY,0.5999999999999991,0.2564428243757011,-0.0414741747081279,True,risk_constraint_satisfied
2025-01-31,ai_high_risk,high_risk,QQQ,0.3999999999999987,0.0633274832748888,-0.0511975549161434,True,risk_constraint_satisfied
2025-01-31,ai_high_risk,high_risk,TLT,1.882409312397656e-15,-0.15261157273108955,0.0488262176513671,True,risk_constraint_satisfied
2025-01-31,ai_high_risk,high_risk,GLD,0.0,-0.01979017768725431,0.0406095311045646,True,risk_constraint_satisfied
2025-01-31,ai_high_risk,high_risk,VNQ,0.0,0.017299983943416475,0.0298177786171436,True,risk_constraint_satisfied
2025-01-31,ai_high_risk,high_risk,DBC,3.885780586188048e-16,0.0427775737558993,-0.0018206032691523,True,risk_constraint_satisfied
2025-02-28,ai_low_risk,low_risk,SPY,0.0,0.18707049375575252,-0.0557191148400306,True,risk_constraint_satisfied
2025-02-28,ai_low_risk,low_risk,QQQ,0.31797080155084767,0.3314854305310844,-0.075861856341362,True,risk_constraint_satisfied
2025-02-28,ai_low_risk,low_risk,TLT,0.3237751505355545,0.1695060638502981,-0.0120469070971012,True,risk_constraint_satisfied
2025-02-28,ai_low_risk,low_risk,GLD,0.29335815144177174,0.2740497497505709,0.094465859234333,True,risk_constraint_satisfied
2025-02-28,ai_low_risk,low_risk,VNQ,2.654021231192547e-18,-0.13627509088675768,-0.0258778929710388,True,risk_constraint_satisfied
2025-02-28,ai_low_risk,low_risk,DBC,0.06489589647182602,0.11013812836282107,0.0227273143827915,True,risk_constraint_satisfied
2025-02-28,ai_medium_risk,medium_risk,SPY,0.10000000000000166,0.18707049375575252,-0.0557191148400306,True,risk_constraint_satisfied
2025-02-28,ai_medium_risk,medium_risk,QQQ,0.44999999999999896,0.3314854305310844,-0.075861856341362,True,risk_constraint_satisfied
2025-02-28,ai_medium_risk,medium_risk,TLT,8.02309607639272e-16,0.1695060638502981,-0.0120469070971012,True,risk_constraint_satisfied
2025-02-28,ai_medium_risk,medium_risk,GLD,0.44999999999999835,0.2740497497505709,0.094465859234333,True,risk_constraint_satisfied
2025-02-28,ai_medium_risk,medium_risk,VNQ,2.128597817637997e-16,-0.13627509088675768,-0.0258778929710388,True,risk_constraint_satisfied
2025-02-28,ai_medium_risk,medium_risk,DBC,0.0,0.11013812836282107,0.0227273143827915,True,risk_constraint_satisfied
2025-02-28,ai_high_risk,high_risk,SPY,4.7661527502462765e-16,0.18707049375575252,-0.0557191148400306,True,risk_constraint_satisfied
2025-02-28,ai_high_risk,high_risk,QQQ,0.5999999999999985,0.3314854305310844,-0.075861856341362,True,risk_constraint_satisfied
2025-02-28,ai_high_risk,high_risk,TLT,5.743940059665158e-16,0.1695060638502981,-0.0120469070971012,True,risk_constraint_satisfied
2025-02-28,ai_high_risk,high_risk,GLD,0.3999999999999997,0.2740497497505709,0.094465859234333,True,risk_constraint_satisfied
2025-02-28,ai_high_risk,high_risk,VNQ,0.0,-0.13627509088675768,-0.0258778929710388,True,risk_constraint_satisfied
2025-02-28,ai_high_risk,high_risk,DBC,6.956880477112868e-16,0.11013812836282107,0.0227273143827915,True,risk_constraint_satisfied
2025-03-31,ai_low_risk,low_risk,SPY,0.0,0.14113212470464254,-0.0086701801046729,True,risk_constraint_satisfied
2025-03-31,ai_low_risk,low_risk,QQQ,0.35000000000000003,0.21237009270285773,0.0139682339504361,True,risk_constraint_satisfied
2025-03-31,ai_low_risk,low_risk,TLT,0.21078265289306164,0.08986759359029102,-0.0136046977713704,True,risk_constraint_satisfied
2025-03-31,ai_low_risk,low_risk,GLD,0.14893297249365647,0.13672683499745505,0.0542443729937076,True,risk_constraint_satisfied
2025-03-31,ai_low_risk,low_risk,VNQ,0.059024277127916976,0.11879792861604535,-0.0244090165942907,True,risk_constraint_satisfied
2025-03-31,ai_low_risk,low_risk,DBC,0.2312600974853649,0.1209177148126508,-0.0857778638601303,True,risk_constraint_satisfied
2025-03-31,ai_medium_risk,medium_risk,SPY,0.4153392215576763,0.14113212470464254,-0.0086701801046729,True,risk_constraint_satisfied
2025-03-31,ai_medium_risk,medium_risk,QQQ,0.4499999999999996,0.21237009270285773,0.0139682339504361,True,risk_constraint_satisfied
2025-03-31,ai_medium_risk,medium_risk,TLT,0.0,0.08986759359029102,-0.0136046977713704,True,risk_constraint_satisfied
2025-03-31,ai_medium_risk,medium_risk,GLD,0.13466077844232377,0.13672683499745505,0.0542443729937076,True,risk_constraint_satisfied
2025-03-31,ai_medium_risk,medium_risk,VNQ,2.4753583101369217e-16,0.11879792861604535,-0.0244090165942907,True,risk_constraint_satisfied
2025-03-31,ai_medium_risk,medium_risk,DBC,0.0,0.1209177148126508,-0.0857778638601303,True,risk_constraint_satisfied
2025-03-31,ai_high_risk,high_risk,SPY,0.4000000000000004,0.14113212470464254,-0.0086701801046729,True,risk_constraint_satisfied
2025-03-31,ai_high_risk,high_risk,QQQ,0.5999999999999995,0.21237009270285773,0.0139682339504361,True,risk_constraint_satisfied
2025-03-31,ai_high_risk,high_risk,TLT,0.0,0.08986759359029102,-0.0136046977713704,True,risk_constraint_satisfied
2025-03-31,ai_high_risk,high_risk,GLD,0.0,0.13672683499745505,0.0542443729937076,True,risk_constraint_satisfied
2025-03-31,ai_high_risk,high_risk,VNQ,0.0,0.11879792861604535,-0.0244090165942907,True,risk_constraint_satisfied
2025-03-31,ai_high_risk,high_risk,DBC,0.0,0.1209177148126508,-0.0857778638601303,True,risk_constraint_satisfied
2025-04-30,ai_low_risk,low_risk,SPY,0.08802357325538414,0.044824916857076444,0.0628448650240898,False,fallback_to_minimum_volatility
2025-04-30,ai_low_risk,low_risk,QQQ,2.304117418773289e-18,-0.12438586922295897,0.0917827934026718,False,fallback_to_minimum_volatility
2025-04-30,ai_low_risk,low_risk,TLT,0.35,-0.10318530413034704,-0.0321063101291656,False,fallback_to_minimum_volatility
2025-04-30,ai_low_risk,low_risk,GLD,0.18006232927600282,0.3726585452097421,-0.0005595777183771,False,fallback_to_minimum_volatility
2025-04-30,ai_low_risk,low_risk,VNQ,0.07221811565020565,0.2826644539062944,0.0112079503014683,False,fallback_to_minimum_volatility
2025-04-30,ai_low_risk,low_risk,DBC,0.3096959818184074,-0.026369353535495788,0.0150704635307192,False,fallback_to_minimum_volatility
2025-04-30,ai_medium_risk,medium_risk,SPY,0.10000000000000081,0.044824916857076444,0.0628448650240898,True,risk_constraint_satisfied
2025-04-30,ai_medium_risk,medium_risk,QQQ,0.0,-0.12438586922295897,0.0917827934026718,True,risk_constraint_satisfied
2025-04-30,ai_medium_risk,medium_risk,TLT,4.570898874097325e-16,-0.10318530413034704,-0.0321063101291656,True,risk_constraint_satisfied
2025-04-30,ai_medium_risk,medium_risk,GLD,0.44999999999999957,0.3726585452097421,-0.0005595777183771,True,risk_constraint_satisfied
2025-04-30,ai_medium_risk,medium_risk,VNQ,0.4499999999999989,0.2826644539062944,0.0112079503014683,True,risk_constraint_satisfied
2025-04-30,ai_medium_risk,medium_risk,DBC,3.2612801348363973e-16,-0.026369353535495788,0.0150704635307192,True,risk_constraint_satisfied
2025-04-30,ai_high_risk,high_risk,SPY,0.0,0.044824916857076444,0.0628448650240898,True,risk_constraint_satisfied
2025-04-30,ai_high_risk,high_risk,QQQ,0.0,-0.12438586922295897,0.0917827934026718,True,risk_constraint_satisfied
2025-04-30,ai_high_risk,high_risk,TLT,0.0,-0.10318530413034704,-0.0321063101291656,True,risk_constraint_satisfied
2025-04-30,ai_high_risk,high_risk,GLD,0.5999999999999999,0.3726585452097421,-0.0005595777183771,True,risk_constraint_satisfied
2025-04-30,ai_high_risk,high_risk,VNQ,0.3999999999999999,0.2826644539062944,0.0112079503014683,True,risk_constraint_satisfied
2025-04-30,ai_high_risk,high_risk,DBC,1.6653345369377348e-16,-0.026369353535495788,0.0150704635307192,True,risk_constraint_satisfied
2025-05-30,ai_low_risk,low_risk,SPY,0.09792909063863414,0.03654875329317406,0.0510459579527378,False,fallback_to_minimum_volatility
2025-05-30,ai_low_risk,low_risk,QQQ,0.0,0.13729035014570812,0.0548907108604908,False,fallback_to_minimum_volatility
2025-05-30,ai_low_risk,low_risk,TLT,0.35,-0.12798546436580432,0.029185976833105,False,fallback_to_minimum_volatility
2025-05-30,ai_low_risk,low_risk,GLD,0.16390225479163398,0.3742132381727101,0.0130104795098304,False,fallback_to_minimum_volatility
2025-05-30,ai_low_risk,low_risk,VNQ,0.08268803427671641,0.11841365644303235,0.0142334885895252,False,fallback_to_minimum_volatility
2025-05-30,ai_low_risk,low_risk,DBC,0.3054806202930155,-0.057173759507265866,0.0502874590456485,False,fallback_to_minimum_volatility
2025-05-30,ai_medium_risk,medium_risk,SPY,0.0,0.03654875329317406,0.0510459579527378,True,risk_constraint_satisfied
2025-05-30,ai_medium_risk,medium_risk,QQQ,0.38440004271227773,0.13729035014570812,0.0548907108604908,True,risk_constraint_satisfied
2025-05-30,ai_medium_risk,medium_risk,TLT,0.0,-0.12798546436580432,0.029185976833105,True,risk_constraint_satisfied
2025-05-30,ai_medium_risk,medium_risk,GLD,0.44999999999999973,0.3742132381727101,0.0130104795098304,True,risk_constraint_satisfied
2025-05-30,ai_medium_risk,medium_risk,VNQ,0.16559995728772262,0.11841365644303235,0.0142334885895252,True,risk_constraint_satisfied
2025-05-30,ai_medium_risk,medium_risk,DBC,0.0,-0.057173759507265866,0.0502874590456485,True,risk_constraint_satisfied
2025-05-30,ai_high_risk,high_risk,SPY,0.0,0.03654875329317406,0.0510459579527378,True,risk_constraint_satisfied
2025-05-30,ai_high_risk,high_risk,QQQ,0.3999999999999995,0.13729035014570812,0.0548907108604908,True,risk_constraint_satisfied
2025-05-30,ai_high_risk,high_risk,TLT,5.330015718800083e-16,-0.12798546436580432,0.029185976833105,True,risk_constraint_satisfied
2025-05-30,ai_high_risk,high_risk,GLD,0.5999999999999995,0.3742132381727101,0.0130104795098304,True,risk_constraint_satisfied
2025-05-30,ai_high_risk,high_risk,VNQ,0.0,0.11841365644303235,0.0142334885895252,True,risk_constraint_satisfied
2025-05-30,ai_high_risk,high_risk,DBC,4.3038487632357318e-16,-0.057173759507265866,0.0502874590456485,True,risk_constraint_satisfied
2025-06-30,ai_low_risk,low_risk,SPY,0.12794844401715674,0.26438952736531957,0.0268836170434951,True,risk_constraint_satisfied
2025-06-30,ai_low_risk,low_risk,QQQ,0.0,0.25406379794228545,0.0296932663768529,True,risk_constraint_satisfied
2025-06-30,ai_low_risk,low_risk,TLT,0.35000000000000003,-0.036979246465053114,-0.0119650568813085,True,risk_constraint_satisfied
2025-06-30,ai_low_risk,low_risk,GLD,0.2178912351710388,0.45039537016269166,-0.0126955853775143,True,risk_constraint_satisfied
2025-06-30,ai_low_risk,low_risk,VNQ,0.06821836095673132,0.20789796057665816,0.0151583831757307,True,risk_constraint_satisfied
2025-06-30,ai_low_risk,low_risk,DBC,0.23594195985507307,0.18591938060018806,0.0380559191107749,True,risk_constraint_satisfied
2025-06-30,ai_medium_risk,medium_risk,SPY,0.44999999999999835,0.26438952736531957,0.0268836170434951,True,risk_constraint_satisfied
2025-06-30,ai_medium_risk,medium_risk,QQQ,0.10000000000000148,0.25406379794228545,0.0296932663768529,True,risk_constraint_satisfied
2025-06-30,ai_medium_risk,medium_risk,TLT,0.0,-0.036979246465053114,-0.0119650568813085,True,risk_constraint_satisfied
2025-06-30,ai_medium_risk,medium_risk,GLD,0.4499999999999994,0.45039537016269166,-0.0126955853775143,True,risk_constraint_satisfied
2025-06-30,ai_medium_risk,medium_risk,VNQ,3.5155828196230886e-16,0.20789796057665816,0.0151583831757307,True,risk_constraint_satisfied
2025-06-30,ai_medium_risk,medium_risk,DBC,2.740379086773733e-16,0.18591938060018806,0.0380559191107749,True,risk_constraint_satisfied
2025-06-30,ai_high_risk,high_risk,SPY,0.3999999999999995,0.26438952736531957,0.0268836170434951,True,risk_constraint_satisfied
2025-06-30,ai_high_risk,high_risk,QQQ,0.0,0.25406379794228545,0.0296932663768529,True,risk_constraint_satisfied
2025-06-30,ai_high_risk,high_risk,TLT,2.4297100040483602e-15,-0.036979246465053114,-0.0119650568813085,True,risk_constraint_satisfied
2025-06-30,ai_high_risk,high_risk,GLD,0.5999999999999974,0.45039537016269166,-0.0126955853775143,True,risk_constraint_satisfied
2025-06-30,ai_high_risk,high_risk,VNQ,0.0,0.20789796057665816,0.0151583831757307,True,risk_constraint_satisfied
2025-06-30,ai_high_risk,high_risk,DBC,6.313186721113762e-16,0.18591938060018806,0.0380559191107749,True,risk_constraint_satisfied
2025-07-31,ai_low_risk,low_risk,SPY,1.3574274503197407e-16,0.1185186047803056,0.0205195378512144,True,risk_constraint_satisfied
2025-07-31,ai_low_risk,low_risk,QQQ,0.11107889381063506,0.32150438912195456,0.0095397559925913,True,risk_constraint_satisfied
2025-07-31,ai_low_risk,low_risk,TLT,0.35000000000000003,-0.017374585704032917,0.0001271891087526,True,risk_constraint_satisfied
2025-07-31,ai_low_risk,low_risk,GLD,0.1952707297917625,0.10737740872908283,0.0498746261000633,True,risk_constraint_satisfied
2025-07-31,ai_low_risk,low_risk,VNQ,0.12204720483509225,0.19187826194373975,0.0347768925130367,True,risk_constraint_satisfied
2025-07-31,ai_low_risk,low_risk,DBC,0.2216031715625101,0.061237632031366986,-0.0106905018910765,True,risk_constraint_satisfied
2025-07-31,ai_medium_risk,medium_risk,SPY,0.0,0.1185186047803056,0.0205195378512144,True,risk_constraint_satisfied
2025-07-31,ai_medium_risk,medium_risk,QQQ,0.39208558256576703,0.32150438912195456,0.0095397559925913,True,risk_constraint_satisfied
2025-07-31,ai_medium_risk,medium_risk,TLT,0.0,-0.017374585704032917,0.0001271891087526,True,risk_constraint_satisfied
2025-07-31,ai_medium_risk,medium_risk,GLD,0.3056903299339276,0.10737740872908283,0.0498746261000633,True,risk_constraint_satisfied
2025-07-31,ai_medium_risk,medium_risk,VNQ,0.3022240875003052,0.19187826194373975,0.0347768925130367,True,risk_constraint_satisfied
2025-07-31,ai_medium_risk,medium_risk,DBC,0.0,0.061237632031366986,-0.0106905018910765,True,risk_constraint_satisfied
2025-07-31,ai_high_risk,high_risk,SPY,2.7755575615628914e-17,0.1185186047803056,0.0205195378512144,True,risk_constraint_satisfied
2025-07-31,ai_high_risk,high_risk,QQQ,0.5999999999999981,0.32150438912195456,0.0095397559925913,True,risk_constraint_satisfied
2025-07-31,ai_high_risk,high_risk,TLT,1.7307867964121388e-15,-0.017374585704032917,0.0001271891087526,True,risk_constraint_satisfied
2025-07-31,ai_high_risk,high_risk,GLD,1.3183898417423734e-16,0.10737740872908283,0.0498746261000633,True,risk_constraint_satisfied
2025-07-31,ai_high_risk,high_risk,VNQ,0.3999999999999991,0.19187826194373975,0.0347768925130367,True,risk_constraint_satisfied
2025-07-31,ai_high_risk,high_risk,DBC,8.348030680927841e-16,0.061237632031366986,-0.0106905018910765,True,risk_constraint_satisfied
2025-08-29,ai_low_risk,low_risk,SPY,0.17117360967386364,0.1203162882429368,0.0356204137206077,True,risk_constraint_satisfied
2025-08-29,ai_low_risk,low_risk,QQQ,0.07049399596863998,0.16400661161178853,0.0537622682750225,True,risk_constraint_satisfied
2025-08-29,ai_low_risk,low_risk,TLT,0.34999999999999987,-0.0030429646492029644,0.0359097607433795,True,risk_constraint_satisfied
2025-08-29,ai_low_risk,low_risk,GLD,0.1643331416862802,-0.012630346347885024,0.117584154009819,True,risk_constraint_satisfied
2025-08-29,ai_low_risk,low_risk,VNQ,0.0806081537633907,0.09000267985458774,0.0005763122462667,True,risk_constraint_satisfied
2025-08-29,ai_low_risk,low_risk,DBC,0.16339109890782577,-0.008422630895925196,0.0144079718738794,True,risk_constraint_satisfied
2025-08-29,ai_medium_risk,medium_risk,SPY,0.0,0.1203162882429368,0.0356204137206077,True,risk_constraint_satisfied
2025-08-29,ai_medium_risk,medium_risk,QQQ,0.45,0.16400661161178853,0.0537622682750225,True,risk_constraint_satisfied
2025-08-29,ai_medium_risk,medium_risk,TLT,0.17318777676657113,-0.0030429646492029644,0.0359097607433795,True,risk_constraint_satisfied
2025-08-29,ai_medium_risk,medium_risk,GLD,0.07680779079302337,-0.012630346347885024,0.117584154009819,True,risk_constraint_satisfied
2025-08-29,ai_medium_risk,medium_risk,VNQ,0.3000044324404056,0.09000267985458774,0.0005763122462667,True,risk_constraint_satisfied
2025-08-29,ai_medium_risk,medium_risk,DBC,0.0,-0.008422630895925196,0.0144079718738794,True,risk_constraint_satisfied
2025-08-29,ai_high_risk,high_risk,SPY,0.3899484706227781,0.1203162882429368,0.0356204137206077,True,risk_constraint_satisfied
2025-08-29,ai_high_risk,high_risk,QQQ,0.6,0.16400661161178853,0.0537622682750225,True,risk_constraint_satisfied
2025-08-29,ai_high_risk,high_risk,TLT,4.799620204119077e-16,-0.0030429646492029644,0.0359097607433795,True,risk_constraint_satisfied
2025-08-29,ai_high_risk,high_risk,GLD,1.577056977226593e-16,-0.012630346347885024,0.117584154009819,True,risk_constraint_satisfied
2025-08-29,ai_high_risk,high_risk,VNQ,0.010051529377220885,0.09000267985458774,0.0005763122462667,True,risk_constraint_satisfied
2025-08-29,ai_high_risk,high_risk,DBC,5.22502170386328e-16,-0.008422630895925196,0.0144079718738794,True,risk_constraint_satisfied
2025-09-30,ai_low_risk,low_risk,SPY,0.0,0.09631070744300196,0.0318383201956748,True,risk_constraint_satisfied
2025-09-30,ai_low_risk,low_risk,QQQ,0.23060699430477247,0.20633128849357724,0.0589636527001857,True,risk_constraint_satisfied
2025-09-30,ai_low_risk,low_risk,TLT,0.3499999999999997,0.07301375087146936,0.0227935966104269,True,risk_constraint_satisfied
2025-09-30,ai_low_risk,low_risk,GLD,0.2504434672660748,0.029991252567319045,0.021183218806982,True,risk_constraint_satisfied
2025-09-30,ai_low_risk,low_risk,VNQ,3.1395956889470966e-17,-0.05077429430139367,-0.031612355262041,True,risk_constraint_satisfied
2025-09-30,ai_low_risk,low_risk,DBC,0.1689495384291531,-0.047826377529599756,0.0079893404617905,True,risk_constraint_satisfied
2025-09-30,ai_medium_risk,medium_risk,SPY,0.1753774252517827,0.09631070744300196,0.0318383201956748,True,risk_constraint_satisfied
2025-09-30,ai_medium_risk,medium_risk,QQQ,0.4499999999999995,0.20633128849357724,0.0589636527001857,True,risk_constraint_satisfied
2025-09-30,ai_medium_risk,medium_risk,TLT,0.37462257474821786,0.07301375087146936,0.0227935966104269,True,risk_constraint_satisfied
2025-09-30,ai_medium_risk,medium_risk,GLD,9.481184098524967e-17,0.029991252567319045,0.021183218806982,True,risk_constraint_satisfied
2025-09-30,ai_medium_risk,medium_risk,VNQ,0.0,-0.05077429430139367,-0.031612355262041,True,risk_constraint_satisfied
2025-09-30,ai_medium_risk,medium_risk,DBC,8.529506433602746e-17,-0.047826377529599756,0.0079893404617905,True,risk_constraint_satisfied
2025-09-30,ai_high_risk,high_risk,SPY,0.4000000000000006,0.09631070744300196,0.0318383201956748,True,risk_constraint_satisfied
2025-09-30,ai_high_risk,high_risk,QQQ,0.5999999999999994,0.20633128849357724,0.0589636527001857,True,risk_constraint_satisfied
2025-09-30,ai_high_risk,high_risk,TLT,0.0,0.07301375087146936,0.0227935966104269,True,risk_constraint_satisfied
2025-09-30,ai_high_risk,high_risk,GLD,0.0,0.029991252567319045,0.021183218806982,True,risk_constraint_satisfied
2025-09-30,ai_high_risk,high_risk,VNQ,0.0,-0.05077429430139367,-0.031612355262041,True,risk_constraint_satisfied
2025-09-30,ai_high_risk,high_risk,DBC,0.0,-0.047826377529599756,0.0079893404617905,True,risk_constraint_satisfied
2025-10-31,ai_low_risk,low_risk,SPY,0.07397349931313899,0.04965313657530978,-0.0007769357180222,True,risk_constraint_satisfied
2025-10-31,ai_low_risk,low_risk,QQQ,0.0,0.009139588378810909,-0.0112387984991073,True,risk_constraint_satisfied
2025-10-31,ai_low_risk,low_risk,TLT,0.35000000000000003,0.08706871051036395,-0.0093132965266704,True,risk_constraint_satisfied
2025-10-31,ai_low_risk,low_risk,GLD,0.014772930628893802,-0.10157682418181802,0.0519395731389522,True,risk_constraint_satisfied
2025-10-31,ai_low_risk,low_risk,VNQ,0.21125357005796727,0.1103539345422688,0.0088585466146469,True,risk_constraint_satisfied
2025-10-31,ai_low_risk,low_risk,DBC,0.35000000000000003,0.17104477406255061,0.0061189336702227,True,risk_constraint_satisfied
2025-10-31,ai_medium_risk,medium_risk,SPY,2.4845819227985296e-16,0.04965313657530978,-0.0007769357180222,True,risk_constraint_satisfied
2025-10-31,ai_medium_risk,medium_risk,QQQ,5.169246422338186e-17,0.009139588378810909,-0.0112387984991073,True,risk_constraint_satisfied
2025-10-31,ai_medium_risk,medium_risk,TLT,0.0999999999999999,0.08706871051036395,-0.0093132965266704,True,risk_constraint_satisfied
2025-10-31,ai_medium_risk,medium_risk,GLD,3.0495286685314144e-17,-0.10157682418181802,0.0519395731389522,True,risk_constraint_satisfied
2025-10-31,ai_medium_risk,medium_risk,VNQ,0.4499999999999999,0.1103539345422688,0.0088585466146469,True,risk_constraint_satisfied
2025-10-31,ai_medium_risk,medium_risk,DBC,0.4499999999999999,0.17104477406255061,0.0061189336702227,True,risk_constraint_satisfied
2025-10-31,ai_high_risk,high_risk,SPY,2.473304539439319e-16,0.04965313657530978,-0.0007769357180222,True,risk_constraint_satisfied
2025-10-31,ai_high_risk,high_risk,QQQ,0.0,0.009139588378810909,-0.0112387984991073,True,risk_constraint_satisfied
2025-10-31,ai_high_risk,high_risk,TLT,0.0,0.08706871051036395,-0.0093132965266704,True,risk_constraint_satisfied
2025-10-31,ai_high_risk,high_risk,GLD,3.9519691973950694e-16,-0.10157682418181802,0.0519395731389522,True,risk_constraint_satisfied
2025-10-31,ai_high_risk,high_risk,VNQ,0.3999999999999996,0.1103539345422688,0.0088585466146469,True,risk_constraint_satisfied
2025-10-31,ai_high_risk,high_risk,DBC,0.5999999999999998,0.17104477406255061,0.0061189336702227,True,risk_constraint_satisfied
2025-11-28,ai_low_risk,low_risk,SPY,2.4885388105035694e-19,0.04139093825737464,0.0082677425816655,True,risk_constraint_satisfied
2025-11-28,ai_low_risk,low_risk,QQQ,0.1324865751794761,0.14163589867343881,0.0015793513739481,True,risk_constraint_satisfied
2025-11-28,ai_low_risk,low_risk,TLT,0.33492101167691357,0.05805898824226623,-0.0187683086842298,True,risk_constraint_satisfied
2025-11-28,ai_low_risk,low_risk,GLD,5.333093599074401e-16,-0.2057957697154664,0.0283850915729999,True,risk_constraint_satisfied
2025-11-28,ai_low_risk,low_risk,VNQ,0.18259241314360977,0.11495155083358094,-0.0142975375056266,True,risk_constraint_satisfied
2025-11-28,ai_low_risk,low_risk,DBC,0.35,0.10982765622351304,0.0148296579718589,True,risk_constraint_satisfied
2025-11-28,ai_medium_risk,medium_risk,SPY,8.275493302298474e-17,0.04139093825737464,0.0082677425816655,True,risk_constraint_satisfied
2025-11-28,ai_medium_risk,medium_risk,QQQ,0.39309325601500905,0.14163589867343881,0.0015793513739481,True,risk_constraint_satisfied
2025-11-28,ai_medium_risk,medium_risk,TLT,3.3178911536509945e-16,0.05805898824226623,-0.0187683086842298,True,risk_constraint_satisfied
2025-11-28,ai_medium_risk,medium_risk,GLD,1.4638928244110747e-17,-0.2057957697154664,0.0283850915729999,True,risk_constraint_satisfied
2025-11-28,ai_medium_risk,medium_risk,VNQ,0.2418217797246336,0.11495155083358094,-0.0142975375056266,True,risk_constraint_satisfied
2025-11-28,ai_medium_risk,medium_risk,DBC,0.365084964260357,0.10982765622351304,0.0148296579718589,True,risk_constraint_satisfied
2025-11-28,ai_high_risk,high_risk,SPY,7.555882440901894e-16,0.04139093825737464,0.0082677425816655,True,risk_constraint_satisfied
2025-11-28,ai_high_risk,high_risk,QQQ,0.5999999999999989,0.14163589867343881,0.0015793513739481,True,risk_constraint_satisfied
2025-11-28,ai_high_risk,high_risk,TLT,9.320686431078996e-16,0.05805898824226623,-0.0187683086842298,True,risk_constraint_satisfied
2025-11-28,ai_high_risk,high_risk,GLD,0.0,-0.2057957697154664,0.0283850915729999,True,risk_constraint_satisfied
2025-11-28,ai_high_risk,high_risk,VNQ,0.3999999999999982,0.11495155083358094,-0.0142975375056266,True,risk_constraint_satisfied
2025-11-28,ai_high_risk,high_risk,DBC,1.249000902703301e-15,0.10982765622351304,0.0148296579718589,True,risk_constraint_satisfied
2025-12-31,ai_low_risk,low_risk,SPY,0.0,0.028859540930372664,0.0197823606431484,True,risk_constraint_satisfied
2025-12-31,ai_low_risk,low_risk,QQQ,0.25564999785238746,0.2762398133683079,0.0192574150860309,True,risk_constraint_satisfied
2025-12-31,ai_low_risk,low_risk,TLT,0.3499999999999997,0.0037710447017520535,-0.0032004483509808,True,risk_constraint_satisfied
2025-12-31,ai_low_risk,low_risk,GLD,0.11736974671812246,-0.038074363892451314,0.0777674242854118,True,risk_constraint_satisfied
2025-12-31,ai_low_risk,low_risk,VNQ,5.996900590390281e-17,-0.1222145090426336,0.0154820317402482,True,risk_constraint_satisfied
2025-12-31,ai_low_risk,low_risk,DBC,0.27698025542949034,0.02340099966217239,0.0527728199958801,True,risk_constraint_satisfied
2025-12-31,ai_medium_risk,medium_risk,SPY,0.029400365839019327,0.028859540930372664,0.0197823606431484,True,risk_constraint_satisfied
2025-12-31,ai_medium_risk,medium_risk,QQQ,0.45000000000000023,0.2762398133683079,0.0192574150860309,True,risk_constraint_satisfied
2025-12-31,ai_medium_risk,medium_risk,TLT,0.07059963416098175,0.0037710447017520535,-0.0032004483509808,True,risk_constraint_satisfied
2025-12-31,ai_medium_risk,medium_risk,GLD,0.0,-0.038074363892451314,0.0777674242854118,True,risk_constraint_satisfied
2025-12-31,ai_medium_risk,medium_risk,VNQ,0.0,-0.1222145090426336,0.0154820317402482,True,risk_constraint_satisfied
2025-12-31,ai_medium_risk,medium_risk,DBC,0.4499999999999988,0.02340099966217239,0.0527728199958801,True,risk_constraint_satisfied
2025-12-31,ai_high_risk,high_risk,SPY,0.40000000000000047,0.028859540930372664,0.0197823606431484,True,risk_constraint_satisfied
2025-12-31,ai_high_risk,high_risk,QQQ,0.5999999999999991,0.2762398133683079,0.0192574150860309,True,risk_constraint_satisfied
2025-12-31,ai_high_risk,high_risk,TLT,4.343670135461074e-16,0.0037710447017520535,-0.0032004483509808,True,risk_constraint_satisfied
2025-12-31,ai_high_risk,high_risk,GLD,0.0,-0.038074363892451314,0.0777674242854118,True,risk_constraint_satisfied
2025-12-31,ai_high_risk,high_risk,VNQ,0.0,-0.1222145090426336,0.0154820317402482,True,risk_constraint_satisfied
2025-12-31,ai_high_risk,high_risk,DBC,0.0,0.02340099966217239,0.0527728199958801,True,risk_constraint_satisfied
2026-01-30,ai_low_risk,low_risk,SPY,3.4790066305398125e-18,0.05928644530057065,-0.0168214198201894,True,risk_constraint_satisfied
2026-01-30,ai_low_risk,low_risk,QQQ,0.08707570842720207,0.14334849130778082,-0.0326273292303085,True,risk_constraint_satisfied
2026-01-30,ai_low_risk,low_risk,TLT,0.2304924702109229,-0.06267104564613522,0.0337493978440761,True,risk_constraint_satisfied
2026-01-30,ai_low_risk,low_risk,GLD,0.1009026513606147,0.04647644251623556,0.0521182194352149,True,risk_constraint_satisfied
2026-01-30,ai_low_risk,low_risk,VNQ,0.23152917000126041,0.1019484536454982,0.0508809871971607,True,risk_constraint_satisfied
2026-01-30,ai_low_risk,low_risk,DBC,0.3499999999999999,0.4533557836356559,0.0605812333524227,True,risk_constraint_satisfied
2026-01-30,ai_medium_risk,medium_risk,SPY,5.311811331853965e-17,0.05928644530057065,-0.0168214198201894,True,risk_constraint_satisfied
2026-01-30,ai_medium_risk,medium_risk,QQQ,0.4204655249314758,0.14334849130778082,-0.0326273292303085,True,risk_constraint_satisfied
2026-01-30,ai_medium_risk,medium_risk,TLT,5.920294725106247e-17,-0.06267104564613522,0.0337493978440761,True,risk_constraint_satisfied
2026-01-30,ai_medium_risk,medium_risk,GLD,2.4297787160218557e-16,0.04647644251623556,0.0521182194352149,True,risk_constraint_satisfied
2026-01-30,ai_medium_risk,medium_risk,VNQ,0.12953447506852378,0.1019484536454982,0.0508809871971607,True,risk_constraint_satisfied
2026-01-30,ai_medium_risk,medium_risk,DBC,0.4500000000000001,0.4533557836356559,0.0605812333524227,True,risk_constraint_satisfied
2026-01-30,ai_high_risk,high_risk,SPY,0.0,0.05928644530057065,-0.0168214198201894,True,risk_constraint_satisfied
2026-01-30,ai_high_risk,high_risk,QQQ,0.40000000000000174,0.14334849130778082,-0.0326273292303085,True,risk_constraint_satisfied
2026-01-30,ai_high_risk,high_risk,TLT,0.0,-0.06267104564613522,0.0337493978440761,True,risk_constraint_satisfied
2026-01-30,ai_high_risk,high_risk,GLD,0.0,0.04647644251623556,0.0521182194352149,True,risk_constraint_satisfied
2026-01-30,ai_high_risk,high_risk,VNQ,4.857225732735044e-16,0.1019484536454982,0.0508809871971607,True,risk_constraint_satisfied
2026-01-30,ai_high_risk,high_risk,DBC,0.5999999999999978,0.4533557836356559,0.0605812333524227,True,risk_constraint_satisfied
2026-02-27,ai_low_risk,low_risk,SPY,0.14294001327999745,0.15259590321900207,-0.0762315765023231,True,risk_constraint_satisfied
2026-02-27,ai_low_risk,low_risk,QQQ,0.0,-0.0488227289916159,-0.0795435681939125,True,risk_constraint_satisfied
2026-02-27,ai_low_risk,low_risk,TLT,0.35,0.053414237793645944,-0.0413062795996665,True,risk_constraint_satisfied
2026-02-27,ai_low_risk,low_risk,GLD,0.15683334693967052,0.5593609657764181,-0.1429871022701263,True,risk_constraint_satisfied
2026-02-27,ai_low_risk,low_risk,VNQ,0.0691320777331572,0.050257061849600757,-0.0776094570755958,True,risk_constraint_satisfied
2026-02-27,ai_low_risk,low_risk,DBC,0.2810945620471749,0.26966157267123186,0.165737047791481,True,risk_constraint_satisfied
2026-02-27,ai_medium_risk,medium_risk,SPY,0.15133295702791943,0.15259590321900207,-0.0762315765023231,True,risk_constraint_satisfied
2026-02-27,ai_medium_risk,medium_risk,QQQ,0.0,-0.0488227289916159,-0.0795435681939125,True,risk_constraint_satisfied
2026-02-27,ai_medium_risk,medium_risk,TLT,0.13610908210614545,0.053414237793645944,-0.0413062795996665,True,risk_constraint_satisfied
2026-02-27,ai_medium_risk,medium_risk,GLD,0.4499999999999999,0.5593609657764181,-0.1429871022701263,True,risk_constraint_satisfied
2026-02-27,ai_medium_risk,medium_risk,VNQ,0.0,0.050257061849600757,-0.0776094570755958,True,risk_constraint_satisfied
2026-02-27,ai_medium_risk,medium_risk,DBC,0.2625579608659352,0.26966157267123186,0.165737047791481,True,risk_constraint_satisfied
2026-02-27,ai_high_risk,high_risk,SPY,0.0,0.15259590321900207,-0.0762315765023231,True,risk_constraint_satisfied
2026-02-27,ai_high_risk,high_risk,QQQ,0.0,-0.0488227289916159,-0.0795435681939125,True,risk_constraint_satisfied
2026-02-27,ai_high_risk,high_risk,TLT,0.0,0.053414237793645944,-0.0413062795996665,True,risk_constraint_satisfied
2026-02-27,ai_high_risk,high_risk,GLD,0.5999999999999998,0.5593609657764181,-0.1429871022701263,True,risk_constraint_satisfied
2026-02-27,ai_high_risk,high_risk,VNQ,3.5672925934017924e-17,0.050257061849600757,-0.0776094570755958,True,risk_constraint_satisfied
2026-02-27,ai_high_risk,high_risk,DBC,0.4000000000000003,0.26966157267123186,0.165737047791481,True,risk_constraint_satisfied
2026-03-31,ai_low_risk,low_risk,SPY,7.700695819155755e-16,0.03894115077969448,0.1050526574254036,True,risk_constraint_satisfied
2026-03-31,ai_low_risk,low_risk,QQQ,0.0,0.0381613553400167,0.1569007933139801,True,risk_constraint_satisfied
2026-03-31,ai_low_risk,low_risk,TLT,0.33372458372255753,0.05331014575657249,-0.0083965798839926,True,risk_constraint_satisfied
2026-03-31,ai_low_risk,low_risk,GLD,2.4113350717328763e-16,-0.05481084273665792,-0.0154082244262099,True,risk_constraint_satisfied
2026-03-31,ai_low_risk,low_risk,VNQ,0.31627541627744266,0.12298299418909857,0.0860203504562377,True,risk_constraint_satisfied
2026-03-31,ai_low_risk,low_risk,DBC,0.34999999999999887,0.749100458421365,0.0742659643292427,True,risk_constraint_satisfied
2026-03-31,ai_medium_risk,medium_risk,SPY,1.121050465854223e-15,0.03894115077969448,0.1050526574254036,True,risk_constraint_satisfied
2026-03-31,ai_medium_risk,medium_risk,QQQ,1.294933467115632e-16,0.0381613553400167,0.1569007933139801,True,risk_constraint_satisfied
2026-03-31,ai_medium_risk,medium_risk,TLT,0.10000000000000028,0.05331014575657249,-0.0083965798839926,True,risk_constraint_satisfied
2026-03-31,ai_medium_risk,medium_risk,GLD,5.868984286271144e-16,-0.05481084273665792,-0.0154082244262099,True,risk_constraint_satisfied
2026-03-31,ai_medium_risk,medium_risk,VNQ,0.44999999999999996,0.12298299418909857,0.0860203504562377,True,risk_constraint_satisfied
2026-03-31,ai_medium_risk,medium_risk,DBC,0.4499999999999979,0.749100458421365,0.0742659643292427,True,risk_constraint_satisfied
2026-03-31,ai_high_risk,high_risk,SPY,7.635270734826882e-17,0.03894115077969448,0.1050526574254036,True,risk_constraint_satisfied
2026-03-31,ai_high_risk,high_risk,QQQ,0.0,0.0381613553400167,0.1569007933139801,True,risk_constraint_satisfied
2026-03-31,ai_high_risk,high_risk,TLT,6.106226635438361e-16,0.05331014575657249,-0.0083965798839926,True,risk_constraint_satisfied
2026-03-31,ai_high_risk,high_risk,GLD,2.2030667668604026e-16,-0.05481084273665792,-0.0154082244262099,True,risk_constraint_satisfied
2026-03-31,ai_high_risk,high_risk,VNQ,0.39999999999999936,0.12298299418909857,0.0860203504562377,True,risk_constraint_satisfied
2026-03-31,ai_high_risk,high_risk,DBC,0.5999999999999999,0.749100458421365,0.0742659643292427,True,risk_constraint_satisfied
2026-04-29,ai_low_risk,low_risk,SPY,0.0,0.08690405532312478,0.0630989670753479,True,risk_constraint_satisfied
2026-04-29,ai_low_risk,low_risk,QQQ,0.34999999999999964,0.3600890456483396,0.115996778011322,True,risk_constraint_satisfied
2026-04-29,ai_low_risk,low_risk,TLT,0.0,0.06338614806989978,0.0043954374268651,True,risk_constraint_satisfied
2026-04-29,ai_low_risk,low_risk,GLD,1.0820934744239736e-18,0.04412214819254359,-0.0006947810179553,True,risk_constraint_satisfied
2026-04-29,ai_low_risk,low_risk,VNQ,0.3000000000000007,0.1084606800519958,0.0084298774600029,True,risk_constraint_satisfied
2026-04-29,ai_low_risk,low_risk,DBC,0.3499999999999995,0.647882807202122,-0.0514800623059272,True,risk_constraint_satisfied
2026-04-29,ai_medium_risk,medium_risk,SPY,6.423480052880252e-16,0.08690405532312478,0.0630989670753479,True,risk_constraint_satisfied
2026-04-29,ai_medium_risk,medium_risk,QQQ,0.44999999999999934,0.3600890456483396,0.115996778011322,True,risk_constraint_satisfied
2026-04-29,ai_medium_risk,medium_risk,TLT,4.857225732735059e-16,0.06338614806989978,0.0043954374268651,True,risk_constraint_satisfied
2026-04-29,ai_medium_risk,medium_risk,GLD,2.0862630440638408e-17,0.04412214819254359,-0.0006947810179553,True,risk_constraint_satisfied
2026-04-29,ai_medium_risk,medium_risk,VNQ,0.09999999999999994,0.1084606800519958,0.0084298774600029,True,risk_constraint_satisfied
2026-04-29,ai_medium_risk,medium_risk,DBC,0.4499999999999995,0.647882807202122,-0.0514800623059272,True,risk_constraint_satisfied
2026-04-29,ai_high_risk,high_risk,SPY,0.0,0.08690405532312478,0.0630989670753479,True,risk_constraint_satisfied
2026-04-29,ai_high_risk,high_risk,QQQ,0.39999999999999974,0.3600890456483396,0.115996778011322,True,risk_constraint_satisfied
2026-04-29,ai_high_risk,high_risk,TLT,0.0,0.06338614806989978,0.0043954374268651,True,risk_constraint_satisfied
2026-04-29,ai_high_risk,high_risk,GLD,0.0,0.04412214819254359,-0.0006947810179553,True,risk_constraint_satisfied
2026-04-29,ai_high_risk,high_risk,VNQ,1.9720719380047545e-17,0.1084606800519958,0.0084298774600029,True,risk_constraint_satisfied
2026-04-29,ai_high_risk,high_risk,DBC,0.6000000000000002,0.647882807202122,-0.0514800623059272,True,risk_constraint_satisfied
